{"file:///F:/WORK%20FOLDER/ZIARA%20HERITAGE/ZIARA%20HERITAGE%20WEBSITE%202":{"assets/images/hashes.json":"+jUWybaYr1Qib+rC16GG7w==","assets/images/white-logo-270x166.png":"ui40tSp0FBRgCgGuHnFfhA==","assets/images/kenyan-coast-480x540.jpg":"LiUoDJAh0WGVXxlXBB54og==","assets/images/safari-400x450.png":"AebE8tOHBGX6/mBrNjJA2A==","assets/images/urbanx-480x540.png":"48el7GY6zr26Q42bYOCNxA==","assets/images/rhino-400x450.png":"HHcGtx/h3PU+Y8j7fDSZvg==","assets/images/slide3-1600x900.jpg":"4oqZ0CH3I6ek+2Uo3QTkxQ==","assets/images/slide2-1600x900.jpg":"nnrXMMd9trqnbke2ZSeJ1A==","assets/images/slide1-1600x900.jpg":"DQ0oQtibPEo/Y726VgkbPA==","assets/images/tooltip3.jpg":"c+KlLZf9TFtPBw5WGYGsgA==","assets/images/tooltip2.jpg":"kuKe6+t1T0RK+QXiDHF+Zw==","assets/images/tooltip1.jpg":"PovGt1bBXM1N0kqddx2rug==","assets/images/mbr-1-692x487.jpeg":"K/DAvMYo0OHMS/As9sfiWg==","assets/images/mbr-692x519.jpeg":"nv8rElKb9a5wUfXHeuSd1A==","assets/images/deepsea2-640x384.jpeg":"idY+U22W82N74ZTpwaoCcA==","assets/images/white-logo-160x98.png":"SraE7sHGlhQwjffSMFk+Lw==","assets/images/01.jpg":"+TkoT32o9vzmWUebKHbhwQ==","assets/images/02.jpg":"8XPmG5EKXOaZ/FJD9s4obg==","assets/images/03.jpg":"MW8dk11/ibzU0TpjPEnwmQ==","assets/images/04.jpg":"bUGSspr1Mq14kbBvCm7o0A==","assets/images/05.jpg":"IJ4h30c0zq6T/hLDTXcH7w==","assets/images/06.jpg":"WtCRAw0T/G9vf/fVNl4yoA==","assets/images/nyali-beach-1200x675.jpg":"VEYydSbWEMWn6MEz787Pcg==","assets/images/ziara-icon-2-128x128.png":"WZpy+wT782EGCE/gE7XOqA==","assets/images/background1.jpg":"k69AV+76IP6+GCsV81M4jg==","assets/images/background2.jpg":"1Ds+LB2Ob3Dwj4CXDMCq3w==","assets/web/assets/jquery/jquery.min.js":"3F5/GMjTasHT1HU6h8mNCg==","assets/bootstrap/css/bootstrap.min.css":"Ov4V6XZzTZ2qwmMQEQxFlA==","assets/bootstrap/css/bootstrap-grid.min.css":"B/UEMwCpd8W0hrWHLpycag==","assets/bootstrap/css/bootstrap-reboot.min.css":"Ui5OyWvr8teeN3hgkVQeIQ==","assets/bootstrap/js/bootstrap.min.js":"a+pgw0xdtnlxUGENrNxrzg==","assets/popper/popper.min.js":"NiE4ESlZe/NNSKniYj4FyQ==","assets/tether/tether.min.css":"YhVaOUjL8Xsb9LQHyQq4Tw==","assets/tether/tether.min.js":"PlC291/0Eo8keLHUT4D9+w==","assets/theme/css/style.css":"5zQZFi1xzPLGspx37jmbHA==-VITbTf54ezV7Z7I/e4lZVw==","assets/smoothscroll/smooth-scroll.js":"1fU5SR6w/dKRUCNIywK1Sw==","assets/dropdown/css/style.css":"s+S8lVC62P0BWFtgHpaNFA==","assets/dropdown/js/nav-dropdown.js":"dC/upwyur9A4kPhFrRHwaQ==","assets/dropdown/js/navbar-dropdown.js":"ZePnAsEAv4Y5wJTD95L44g==","assets/touchswipe/jquery.touch-swipe.min.js":"9g/wVGnRdXmW2F9BctT/TQ==","assets/parallax/jarallax.min.js":"ZCXV26nEc+W+wvhovuHxQA==","assets/formstyler/jquery.formstyler.css":"ajjp8ztH9eVUk4rdhVGFYg==","assets/formstyler/jquery.formstyler.js":"DOK+mP4W5Ag9IfhHtpWNMg==","assets/formstyler/jquery.formstyler.min.js":"AZwL++bNUiLJxmlnInDaEQ==","assets/formstyler/jquery.formstyler.theme.css":"J/V1s94HUkXblUKKORPI7w==","assets/datepicker/jquery.datetimepicker.min.css":"ho+tif2BPmsXNeoVpuhDPg==","assets/datepicker/jquery.datetimepicker.full.js":"ReJ4dJfeeDKs8i0ltGNWDQ==","assets/wowslider-plugin/wowslider.js":"a8yfyEp3+GssM5f1qFBh6w==","assets/wowslider-init/script.js":"ysmGj/Fp3fKX5OMV90D+OQ==","assets/wowslider-init/style.css":"W492aaXMiGVzzTJMoaxe+g==","assets/instagram-feed/index.js":"j6E04gjT+1CU7sEj9hdrEw==","assets/instagram-feed/style.css":"uQnvLnW9+w0I7IYYOqZV8A==","assets/slick/slick.min.js":"1aYcdJ5E5HFZr4pled2hIQ==","assets/slick/slick.css":"84stsQ4BsVcnMqMZHVOHBw==","assets/web/assets/mobirise-icons/mobirise-icons.css":"t/IrTIzfJvbDUoCV05F+7Q==","assets/web/assets/mobirise-icons/mobirise-icons.eot":"T9iJ+Vffe7n6Gk/+pf9gEw==","assets/web/assets/mobirise-icons/mobirise-icons.svg":"Yp5pSlGdnLgPdQLUa/Yv3w==","assets/web/assets/mobirise-icons/mobirise-icons.ttf":"r0OtN8kuMaYwUc+mlGDUWA==","assets/web/assets/mobirise-icons/mobirise-icons.woff":"3aYYVAIqADvsB1jjxJZ73w==","assets/web/assets/mobirise-icons2/mobirise2.css":"+RO7OxVtE1FsD/N7V3/ADw==","assets/web/assets/mobirise-icons2/mobirise2.eot":"B2EjryGRojlTpzr1GHt3LQ==","assets/web/assets/mobirise-icons2/mobirise2.svg":"usCYAy7QdzckfeGReb9wWQ==","assets/web/assets/mobirise-icons2/mobirise2.ttf":"VMdAr7YYQ2ab9KiUyabAGA==","assets/web/assets/mobirise-icons2/mobirise2.woff":"xY3InaTfYGp0nlCuQBMudQ==","assets/socicon/css/styles.css":"q91aZJ04O5rzI1nJO9PRHw==","assets/socicon/fonts/socicon.eot":"MvYQV8XxgngrhGqjN3oHBw==","assets/socicon/fonts/socicon.svg":"U1iRKoyNjKeR+mUJr3QbXg==","assets/socicon/fonts/socicon.ttf":"IyAo3XNB2a/Q0ml3ZraPsQ==","assets/socicon/fonts/socicon.woff":"zQDjXd6bBUQi87pRsBWVqQ==","assets/socicon/fonts/socicon.woff2":"o3w8h99EHOwP99NXAoHpOQ==","assets/formoid.min.js":"JcWo1suXJDbrVaj41W1GXg==","assets/recaptcha.css":"rAr6hicA8NHvvo8fHdDrDQ==","assets/wowslider-effect/kenburns/script.js":"8kq6wZjXVjmUHX3pSS3H0w==","assets/wowslider-init/animated/style.css":"L5iYN/hoD1sWR8jvrNC98A==","assets/web/assets/gdpr-plugin/gdpr-styles.css":"Q2M06aDX0w6H1VVhUBSUCg=="}}