{"WZpy+wT782EGCE/gE7XOqA==":"ziara%20icon%202-128x128.png","X19HRGr9/9OH6IoMeSC4/g==":"logo_header.svg","LiUoDJAh0WGVXxlXBB54og==":"kenyan-coast-480x540.jpg","AebE8tOHBGX6/mBrNjJA2A==":"safari-400x450.png","48el7GY6zr26Q42bYOCNxA==":"urbanx-480x540.png","/JJnaUR2PZUyVn1Xnp457w==":"ziara_white-166x102.jpg","ui40tSp0FBRgCgGuHnFfhA==":"white_logo-270x166.png","HHcGtx/h3PU+Y8j7fDSZvg==":"rhino-400x450.png","DQ0oQtibPEo/Y726VgkbPA==":"slide1-1600x900.jpg","Y0VjBKOp3EHicaDErP8jYQ==":"mbr-692x487.jpg","xKQkxj4eo/bknIGWvntPrw==":"mbr-692x519.jpg","gGktTW7j9Zhyl9BDasiF1A==":"mbr-692x487.jpeg","nv8rElKb9a5wUfXHeuSd1A==":"mbr-692x519.jpeg","scVuCVfRH7rpZpwMTVXdKw==":"deepsea2-640x384.jpg","idY+U22W82N74ZTpwaoCcA==":"deepsea2-640x384.jpeg","K/DAvMYo0OHMS/As9sfiWg==":"mbr-1-692x487.jpeg","dLyWH5aanIKcv2RMySQahw==":"ziara_white-160x98.jpg","SraE7sHGlhQwjffSMFk+Lw==":"white_logo-160x98.png","VEYydSbWEMWn6MEz787Pcg==":"nyali_beach-1200x675.jpg"}